{
    "list": [
        {
            "id": 1,
            "country": "日本",
            "brand": "丰田",
            "model": "Highlander",
            "price": 92,
            "owner": "段霞哈",
            "date": "1990-03-05",
            "type": "小型SUV",
            "seat": "更多",
            "pic" : "Highlander/white/view/1024x0_1_q87_autohomecar__wKgFWVkukoiAeDGSAAjjPKttdrQ415.jpg",
            "picdir" :  "Highlander"
        },
        {
            "id": 2,
            "country": "日本",
            "brand": "本田",
            "model": "Honda",
            "price": 42,
            "owner": "段霞下",
            "date": "1982-03-05",
            "type": "轿车",
            "seat": "4",
            "pic" : "Honda/white/view/1024x0_1_q87_autohomecar__wKgFWliFqgqAc81RAA7LbdtwXA8377.jpg",
            "picdir" :  "Honda"
        },
        {
            "id": 3,
            "country": "国产",
            "brand": "吉利",
            "model": "dihaoGL",
            "price": 10,
            "owner": "泰日天",
            "date": "2012-04-07",
            "type": "轿车",
            "seat": "5",
            "pic" : "geely_dihaoGL/white/view/1024x0_1_q87_autohomecar__wKgH0FfieIiADrdAAAk4e4z1UqU950.jpg",
            "picdir" : "geely_dihaoGL"
        },
        {
            "id": 4,
            "country": "国产",
            "brand": "奇瑞",
            "model": "Ruize",
            "price": 15,
            "owner": "叶良臣",
            "date": "2005-03-05",
            "type": "中型SUV",
            "seat": "5",
            "pic" : "geely/brown/view/1024x0_1_q87_autohomecar__wKgFVVfRSvmAPhpOAAxX3dBWggA156.jpg",
            "picdir" : "geely"
        },
        {
            "id": 5,
            "country": "国产",
            "brand": "奇瑞",
            "model": "yuanjing",
            "price": 12,
            "owner": "呵呵",
            "date": "2003-06-07",
            "type": "轿车",
            "seat": "5",
            "pic" : "geely_yuanjing/black/view/1024x0_1_q87_autohomecar__wKgH51glq1-ADiUBAAUOwxX8yz0717.jpg",
            "picdir" : "geely_yuanjing"
        },
        {
            "id": 6,
            "country": "国产",
            "brand": "长城",
            "model": "WEY",
            "price": 16,
            "owner": "赫赫",
            "date": "2007-11-02",
            "type": "小型SUV",
            "seat": "7",
            "pic" : "greatWall/black/view/1024x0_1_q87_autohomecar__wKgFU1lLoM6Adza2AAYJzzz5qq8468.jpg",
            "picdir" : "greatWall"
        },
         {
            "id": 7,
            "country": "日本",
            "brand": "马自达",
            "model": "Axela",
            "price": 12,
            "owner": "李达康",
            "date": "2011-05-04",
            "type": "轿车",
            "seat": "4",
            "pic" : "Mazda_Axela/red/view/1024x0_1_q87_autohomecar__wKgHzVisBxeABMIzAAUoV8KggiM898.jpg",
            "picdir" :  "Mazda_Axela"
        },
        {
            "id": 8,
            "country": "日本",
            "brand": "尼桑",
            "model": "xuanyi",
            "price": 20,
            "owner": "高泉呵呵",
            "date": "2010-07-12",
            "type": "轿车",
            "seat": "4",
            "pic" : "Nissan_xuanyi/golden/view/1024x0_1_q87_autohomecar__wKjBzlhKYNaAFxAxAAakQAZVLxk099.jpg",
            "picdir" :  "Nissan_xuanyi"
        },
        {
            "id": 9,
            "country": "美国",
            "brand": "福特",
            "model": "escort",
            "price": 190,
            "owner": "高二泉",
            "date": "2016-01-17",
            "type": "轿车",
            "seat": "5",
            "pic" : "Ford_escort/brown/view/1024x0_1_q87_201503061933421903686112.jpg",
            "picdir" :  "Ford_escort"
        },
        {
            "id": 10,
            "country": "国产",
            "brand": "奇瑞",
            "model": "Ruize",
            "price": 12,
            "owner": "高泉",
            "date": "2009-05-04",
            "type": "轿车",
            "seat": "5",
            "pic" : "AiRuize/red/view/1024x0_1_q87_autohomecar__wKgH01lBBqCAejcnAAgqQbgc-VM273.jpg",
            "picdir" : "AiRuize"
        },
        {
            "id": 11,
            "country": "德国",
            "brand": "奥迪",
            "model": "A3",
            "price": 42,
            "owner": "高泉1",
            "date": "2012-05-04",
            "type": "中型SUV",
            "seat": "4",
            "pic" : "Audi_A3/orange/view/1024x0_1_q87_autohomecar__wKgHy1kAA1GANYyoAA8yUWA4wqw603.jpg",
            "picdir" :  "Audi_A3"
        },
        {
            "id": 12,
            "country": "德国",
            "brand": "宝马",
            "model": "bmw",
            "price": 50,
            "owner": "高泉2",
            "date": "2012-05-04",
            "type": "轿车",
            "seat": "5",
            "pic" : "bmw_330i/red/view/800x0_1_q87_autohomecar__wKgH5VlKIG-AcobjAAdN5KTofLI513.jpg",
            "picdir" :  "bmw_330i"
        },
        {
            "id": 13,
            "country": "美国",
            "brand": "别克",
            "model": "Buick",
            "price": 26,
            "owner": "李宗磊",
            "date": "2012-05-04",
            "type": "轿车",
            "seat": "5",
            "pic" : "Buick_verano/blue/view/1024x0_1_q87_autohomecar__wKgH5laBLE6Ae63GAAiigsv0FGc856.jpg",
            "picdir" :  "Buick_verano"
        },
        {
            "id": 14,
            "country": "美国",
            "brand": "别克",
            "model": "focus",
            "price": 45,
            "owner": "高泉吊",
            "date": "2001-04-03",
            "type": "轿车",
            "seat": "4",
            "pic" : "Ford_focus/black/view/1024x0_1_q87_201401071414059970.jpg",
            "picdir" :  "Ford_focus"
        },
        {
            "id": 15,
            "country": "德国",
            "brand": "大众",
            "model": "suteng",
            "price": 120,
            "owner": "郁可唯",
            "date": "2017-01-04",
            "type": "轿车",
            "seat": "5",
            "pic" : "volkswagen_suteng/black/view/1024x0_1_q87_autohomecar__wKgHzlgjCvWAD7cFAAeJw5vHbDU735.jpg",
            "picdir" : "volkswagen_suteng"
        },
        {
            "id": 16,
            "country": "德国",
            "brand": "大众",
            "model": "golf",
            "price": 115,
            "owner": "周杰伦",
            "date": "2016-05-04",
            "type": "轿车",
            "seat": "5",
            "pic" : "VolksWagenwerk_golf/golden/view/1024x0_1_q87_autohomecar__wKgFU1i30duADzG3AAeeK68-hPQ394.jpg",
            "picdir" :  "VolksWagenwerk_golf"
        },
        {
            "id": 17,
            "country": "德国",
            "brand": "大众",
            "model": "Lavida",
            "price": 130,
            "owner": "赵丽颖",
            "date": "2017-03-08",
            "type": "轿车",
            "seat": "5",
            "pic" : "VolksWagenwerk_Lavida/black/view/1024x0_1_q87_autohomecar__wKgH3Fi0IS-AB_-LAAWKK9RIcAo068.jpg",
            "picdir" : "VolksWagenwerk_Lavida"
        },
        {
            "id": 18,
            "country": "国产",
            "brand": "江淮",
            "model": "S7",
            "price": 15,
            "owner": "李莉",
            "date": "2006-01-04",
            "type": "中型SUV",
            "seat": "5",
            "pic" : "Refine/brown/view/1024x0_1_q87_autohomecar__wKgFWllQ1iGAEmkjAA0T2q7Sk4o226.jpg",
            "picdir" : "RefineS7"
        },
        {
            "id": 19,
            "country": "国产",
            "brand": "荣威",
            "model": "RX5",
            "price": 18,
            "owner": "张强",
            "date": "2013-06-08",
            "type": "中型SUV",
            "seat": "5",
            "pic" : "Roewe/black/view/1024x0_1_q87_autohomecar__wKgH5Fjt52yAbdGTAAkPdOKwYBc325.jpg",
            "picdir" : "Roewe"
        },
        {
            "id": 20,
            "country": "国产",
            "brand": "荣威",
            "model": "i6",
            "price": 20,
            "owner": "李雪莉",
            "date": "2000-02-08",
            "type": "中型SUV",
            "seat": "4",
            "pic" : "Roewei6/white/view/1024x0_1_q87_autohomecar__wKgH0FkILcyAc8p7AAeeIC3RosY269.jpg",
            "picdir" : "Roewei6"
        },
        {
            "id": 21,
            "country": "国产",
            "brand": "长安",
            "model": "Q87",
            "price": 19,
            "owner": "高泉泉",
            "date": "2008-03-04",
            "type": "小型SUV",
            "seat": "7",
            "pic": "chana/white/view/1024x0_1_q87_autohomecar__wKjBxllDo7-AUXcaAAorfXVuIr4039.jpg",
            "picdir": "chana"
        },
        {
            "id": 22,
            "country": "日本",
            "brand": "丰田",
            "model": "Corolla",
            "price": 22,
            "owner": "高圈圈",
            "date": "2009-02-08",
            "type": "轿车",
            "seat": "5",
            "pic": "Corolla/red/view/1024x0_1_q87_201506180300004215149112.jpg",
            "picdir": "Corolla"
        },
        {
            "id": 23,
            "country": "德国",
            "brand": "别克",
            "model": "GT",
            "price": 32,
            "owner": "高段霞",
            "date": "2011-11-04",
            "type": "轿车",
            "seat": "5",
            "pic": "excelleGT/brown/view/1024x0_1_q87_autohomecar__wKjBwFhPoBeAQo5uAAjrQlcVhj8197.jpg",
            "picdir": "excelleGT"
        },
        {
            "id": 24,
            "country": "国产",
            "brand": "哈弗",
            "model": "H6",
            "price": 212,
            "owner": "段霞和",
            "date": "2002-12-04",
            "type": "大型SUV",
            "seat": "7",
            "pic" : "Haval/black/view/1024x0_1_q87_autohomecar__wKjB0VgQna2AGJE5AAnbAzv50_I667.jpg",
            "picdir" :  "Haval"
        }
    ]
}